Civil Service Cricket Club Stormont,Ireland
Sophia Gardens,England
Lord's,South Africa/England
The Rose Bowl,England
Trent Bridge,England
Edgbaston,England
Kennington Oval,England
Riverside Ground,England
Old Trafford,England
Headingley,England
Warner Park Basseterre,West Indies
Queen's Park Oval Port of Spain,West Indies
Sabina Park Kingston,West Indies
Beausejour Stadium Gros Islet,West Indies
Sir Vivian Richards Stadium North Sound,West Indies
Providence Stadium,West Indies
National Cricket Stadium St George's,West Indies
Kensington Oval Bridgetown,West Indies
Harare Sports Club,Zimbabwe
Kingsmead,South Africa
Newlands,South Africa
St George's Park,South Africa
SuperSport Park,South Africa
Bellerive Oval,Australia
Sydney Cricket Ground,Australia
Western Australia Cricket Association Ground,Australia
Melbourne Cricket Ground,Australia
Brisbane Cricket Ground Woolloongabba,Australia
Adelaide Oval,Australia
Gymkhana Club Ground,Kenya
Punjab Cricket Association Stadium Mohali,India
Sardar Patel Stadium Motera,India
Sawai Mansingh Stadium,India
Brabourne Stadium,India
New Wanderers Stadium,South Africa
McLean Park,New Zealand
Jade Stadium,New Zealand
Eden Park,New Zealand
Westpac Stadium,New Zealand
Seddon Park,New Zealand
Goodyear Park,South Africa
Kinrara Academy Oval,Malaysia
Sinhalese Sports Club Ground,Sri Lanka
Sedgars Park,South Africa
Iqbal Stadium,Pakistan
Gaddafi Stadium,Pakistan
Multan Cricket Stadium,Pakistan
National Stadium,Pakistan/India
County Ground,England
Willowmoore Park,South Africa
Buffalo Park,South Africa
Shaheed Chandu Stadium,Bangladesh
Shere Bangla National Stadium,Bangladesh
Ruaraka Sports Club Ground,Kenya
Jaffery Sports Club Ground,Kenya
MA Chidambaram Stadium Chepauk,India
Indian Petrochemicals Corporation Limited Sports Complex Ground,India
Eden Gardens,India
Madhavrao Scindia Cricket Ground,India
Andhra Cricket Association-Visakhapatnam District Cricket Association Stadium,India
Nehru Stadium Fatorda,India
Titwood,Scotland
M Chinnaswamy Stadium,India
Rangiri Dambulla International Stadium,Sri Lanka
R Premadasa Stadium,Sri Lanka
P Saravanamuttu Stadium,Sri Lanka
Clontarf Cricket Club Ground,Ireland
Nehru Stadium,India
Rajiv Gandhi International Stadium Uppal,India
Sector 16 Stadium,India
Reliance Stadium,India
Vidarbha Cricket Association Ground,India
Wankhede Stadium,India
Green Park,India
Captain Roop Singh Stadium,India
Queenstown Events Centre,New Zealand
AMI Stadium,New Zealand
Queens Sports Club,Zimbabwe
Arnos Vale Ground Kingstown,West Indies
Chittagong Divisional Stadium,Bangladesh
Maple Leaf North-West Ground,Canada
Cambusdoon New Ground,Scotland
Niaz Stadium Hyderabad,India
Sheikhupura Stadium,Pakistan
Marrara Cricket Ground,Australia
Senwes Park,South Africa
OUTsurance Oval,South Africa
Maharani Usharaje Trust Cricket Ground,India
Barabati Stadium,India
Sheikh Zayed Stadium,UAE
Dubai Sports City Cricket Stadium,UAE
Windsor Park Roseau,West Indies
Vidarbha Cricket Association Stadium Jamtha,India
Feroz Shah Kotla,India
Zohur Ahmed Chowdhury Stadium,Bangladesh
University Oval,New Zealand
Mahinda Rajapaksa International Cricket Stadium Sooriyawewa,Sri Lanka
Pallekele International Cricket Stadium,Sri Lanka
Zahur Ahmed Chowdhury Stadium,Bangladesh
VRA Ground,Netherlands
Dubai International Cricket Stadium,UAE
Dr. Y.S. Rajasekhara Reddy ACA-VDCA Cricket Stadium,India
Toronto Cricket,Canada
Mannofield Park,Scotland
Boland Park,South Africa
Chevrolet Park,South Africa
De Beers Diamond Oval,South Africa
Cobham Oval (New),New Zealand
Sharjah Cricket Stadium,UAE
Holkar Cricket Stadium,India
Mombasa Sports Club Ground,Kenya
Saurashtra Cricket Association Stadium,India
JSCA International Stadium Complex,India
Himachal Pradesh Cricket Association Stadium,India
The Village Malahide,Ireland
Sharjah Cricket Association Stadium,UAE
Manuka Oval,Australia
Sheikh Abu Naser Stadium,Bangladesh
ICC Global Cricket Academy,UAE
Grange Cricket Club Ground Raeburn Place,England
Maharashtra Cricket Association Stadium,India
Hagley Oval,New Zealand
Saxton Oval,New Zealand
Khan Shaheb Osman Ali Stadium,Bangladesh
Bert Sutcliffe Oval,New Zealand
Bay Oval,New Zealand
Mangaung Oval,South Africa
ICC Academy,UAE
Basin Reserve,New Zealand
